M01677:6:000000000-A41BV:1:1101:12003:18311 1:N:0:8	203691
M01677:6:000000000-A41BV:1:1102:26671:7532  1:N:0:8	0
M01677:6:000000000-A41BV:1:1104:10695:21203 1:N:0:8	511746
M01677:6:000000000-A41BV:1:1104:19339:14550 1:N:0:8	0
M01677:6:000000000-A41BV:1:1105:5990:13373  1:N:0:8	0
M01677:6:000000000-A41BV:1:1106:20572:10660 1:N:0:8	743722
M01677:6:000000000-A41BV:1:1109:16348:27054 1:N:0:8	0
M01677:6:000000000-A41BV:1:1109:20069:24642 1:N:0:8	0 
M01677:6:000000000-A41BV:1:1109:24465:11683 1:N:0:8	976
M01677:6:000000000-A41BV:1:1111:22794:15270 1:N:0:8	0
M01677:6:000000000-A41BV:1:1112:10761:13744 1:N:0:8	0
M01677:6:000000000-A41BV:1:1113:16406:19226 1:N:0:8	0
M01677:6:000000000-A41BV:1:1113:19337:5917  1:N:0:8	0
M01677:6:000000000-A41BV:1:1113:5694:13940  1:N:0:8	831
M01677:6:000000000-A41BV:1:1114:16251:15010 1:N:0:8	0
M01677:6:000000000-A41BV:1:1114:19225:9377  1:N:0:8	0
M01677:6:000000000-A41BV:1:1114:19688:7252  1:N:0:8	0
M01677:6:000000000-A41BV:1:2101:17447:22213 1:N:0:8	0
M01677:6:000000000-A41BV:1:2102:16109:26536 1:N:0:8	817
M01677:6:000000000-A41BV:1:2102:20064:10600 1:N:0:8	0
M01677:6:000000000-A41BV:1:2103:12603:24313 1:N:0:8	817
M01677:6:000000000-A41BV:1:2106:12334:17185 1:N:0:8	0
M01677:6:000000000-A41BV:1:2106:15524:20097 1:N:0:8	0
M01677:6:000000000-A41BV:1:2107:24988:20473 1:N:0:8	0
M01677:6:000000000-A41BV:1:2107:26280:24028 1:N:0:8	0
M01677:6:000000000-A41BV:1:2107:8033:10203  1:N:0:8	28118
M01677:6:000000000-A41BV:1:2108:23148:26388 1:N:0:8	853
M01677:6:000000000-A41BV:1:2109:13046:20137 1:N:0:8	751585
M01677:6:000000000-A41BV:1:2111:12097:7718  1:N:0:8	1363
M01677:6:000000000-A41BV:1:2111:5846:16144  1:N:0:8	312279
M01677:6:000000000-A41BV:1:2114:16295:17407 1:N:0:8	853